bank,year,topic,n_sentences,pos,neg,neu,net_positivity
Barclays,2017,0,22,0.15484251081943512,0.04546506330370903,0.7996923327445984,0.10937744751572609
Barclays,2017,1,25,0.18070346117019653,0.02462286874651909,0.7946736216545105,0.15608059242367744
Barclays,2017,2,18,0.39016398787498474,0.011739611625671387,0.5980964303016663,0.37842437624931335
Barclays,2017,3,52,0.17383813858032227,0.1335219293832779,0.692639946937561,0.04031620919704437
Barclays,2017,4,37,0.24284406006336212,0.05762926861643791,0.6995266079902649,0.1852147914469242
Barclays,2017,5,33,0.4341300129890442,0.037679523229599,0.5281904935836792,0.3964504897594452
Barclays,2017,6,13,0.13448861241340637,0.3821645975112915,0.4833467900753021,-0.24767598509788513
Barclays,2017,7,177,0.3781545162200928,0.09237955510616302,0.5294660925865173,0.28577496111392975
Barclays,2017,8,18,0.2509714663028717,0.06495073437690735,0.6840777397155762,0.18602073192596436
Barclays,2017,9,42,0.14852988719940186,0.19002172350883484,0.6614483594894409,-0.04149183630943298
Barclays,2018,0,12,0.04593006148934364,0.10762929171323776,0.8464406132698059,-0.06169923022389412
Barclays,2018,1,14,0.24492207169532776,0.09099851548671722,0.664079487323761,0.15392355620861053
Barclays,2018,2,10,0.25205400586128235,0.020528243854641914,0.7274178266525269,0.23152576200664043
Barclays,2018,3,33,0.0944983959197998,0.1964612454175949,0.7090403437614441,-0.1019628494977951
Barclays,2018,4,23,0.07584217190742493,0.10049628466367722,0.8236614465713501,-0.02465411275625229
Barclays,2018,5,16,0.34777411818504333,0.01296946033835411,0.6392564177513123,0.3348046578466892
Barclays,2018,6,42,0.20258013904094696,0.15332725644111633,0.6440926790237427,0.04925288259983063
Barclays,2018,7,15,0.1935865879058838,0.2245272845029831,0.5818861126899719,-0.030940696597099304
Barclays,2018,8,6,0.09771718829870224,0.024918528273701668,0.8773642182350159,0.07279866002500057
Barclays,2018,9,60,0.11387062817811966,0.16371865570545197,0.7224107980728149,-0.049848027527332306
Barclays,2019,0,32,0.22274968028068542,0.15518854558467865,0.6220617890357971,0.06756113469600677
Barclays,2019,1,35,0.21999011933803558,0.10371122509241104,0.6762987375259399,0.11627889424562454
Barclays,2019,2,21,0.27350959181785583,0.019966866821050644,0.706523597240448,0.2535427249968052
Barclays,2019,3,50,0.09114138782024384,0.2977098226547241,0.6111488938331604,-0.20656843483448029
Barclays,2019,4,34,0.15714430809020996,0.16485844552516937,0.6779972314834595,-0.007714137434959412
Barclays,2019,5,20,0.22689485549926758,0.055869609117507935,0.7172355651855469,0.17102524638175964
Barclays,2019,6,10,0.16549921035766602,0.25284072756767273,0.5816600322723389,-0.08734151721000671
Barclays,2019,7,18,0.22078590095043182,0.24602392315864563,0.533190131187439,-0.025238022208213806
Barclays,2019,8,7,0.15687571465969086,0.03165879100561142,0.8114655613899231,0.12521692365407944
Barclays,2019,9,140,0.14200346171855927,0.17052732408046722,0.6874693036079407,-0.02852386236190796
Barclays,2020,0,44,0.2627153694629669,0.12852948904037476,0.6087551116943359,0.13418588042259216
Barclays,2020,1,38,0.2297639101743698,0.11512932926416397,0.6551067233085632,0.11463458091020584
Barclays,2020,2,21,0.42191097140312195,0.014561840333044529,0.5635271668434143,0.4073491310700774
Barclays,2020,3,47,0.22747845947742462,0.15772591531276703,0.6147956848144531,0.06975254416465759
Barclays,2020,4,31,0.18717527389526367,0.08970193564891815,0.7231228947639465,0.09747333824634552
Barclays,2020,5,34,0.3820229470729828,0.019697507843375206,0.5982796549797058,0.3623254392296076
Barclays,2020,6,10,0.21314962208271027,0.045679375529289246,0.7411710023880005,0.16747024655342102
Barclays,2020,7,68,0.49189242720603943,0.029769491404294968,0.47833800315856934,0.46212293580174446
Barclays,2020,8,21,0.37524229288101196,0.043711401522159576,0.5810462832450867,0.3315308913588524
Barclays,2020,9,167,0.178395077586174,0.14625321328639984,0.675351619720459,0.03214186429977417
Barclays,2021,0,39,0.28660890460014343,0.1538069248199463,0.5595840215682983,0.13280197978019714
Barclays,2021,1,41,0.2605103850364685,0.1321689784526825,0.6073206663131714,0.128341406583786
Barclays,2021,2,20,0.34554794430732727,0.11191953718662262,0.5425325632095337,0.23362840712070465
Barclays,2021,3,61,0.1394890695810318,0.25299400091171265,0.6075170040130615,-0.11350493133068085
Barclays,2021,4,39,0.18897856771945953,0.10038856416940689,0.7106328010559082,0.08859000355005264
Barclays,2021,5,27,0.35214218497276306,0.020533571019768715,0.6273242831230164,0.33160861395299435
Barclays,2021,6,12,0.2643839716911316,0.09153518825769424,0.6440808773040771,0.17284878343343735
Barclays,2021,7,20,0.3155798614025116,0.05418216437101364,0.6302379965782166,0.26139769703149796
Barclays,2021,8,19,0.364789754152298,0.02851191721856594,0.6066982746124268,0.33627783693373203
Barclays,2021,9,258,0.18673673272132874,0.14143817126750946,0.6718252301216125,0.045298561453819275
Barclays,2022,0,57,0.21052470803260803,0.14720098674297333,0.6422742605209351,0.0633237212896347
Barclays,2022,1,57,0.27981409430503845,0.11894003301858902,0.6012458801269531,0.16087406128644943
Barclays,2022,2,80,0.38008472323417664,0.10514336824417114,0.5147718191146851,0.2749413549900055
Barclays,2022,3,67,0.1955679953098297,0.18569383025169373,0.6187381744384766,0.009874165058135986
Barclays,2022,4,45,0.235850527882576,0.13019776344299316,0.633951723575592,0.10565276443958282
Barclays,2022,5,45,0.33123284578323364,0.0486818365752697,0.6200853586196899,0.28255100920796394
Barclays,2022,6,11,0.19478745758533478,0.18211226165294647,0.6231002807617188,0.012675195932388306
Barclays,2022,7,18,0.30439239740371704,0.15085113048553467,0.5447565317153931,0.15354126691818237
Barclays,2022,8,21,0.31699034571647644,0.013488208875060081,0.6695213913917542,0.30350213684141636
Barclays,2022,9,315,0.19262515008449554,0.1464398056268692,0.6609349250793457,0.04618534445762634
Barclays,2023,0,66,0.17747928202152252,0.18988771736621857,0.6326330304145813,-0.012408435344696045
Barclays,2023,1,76,0.16729766130447388,0.20489107072353363,0.6278113722801208,-0.03759340941905975
Barclays,2023,2,77,0.3608093857765198,0.19220538437366486,0.44698527455329895,0.16860400140285492
Barclays,2023,3,75,0.14720571041107178,0.25179940462112427,0.600994884967804,-0.10459369421005249
Barclays,2023,4,57,0.17301243543624878,0.12790827453136444,0.699079155921936,0.04510416090488434
Barclays,2023,5,38,0.32298895716667175,0.07173504680395126,0.6052759289741516,0.2512539103627205
Barclays,2023,6,10,0.18823781609535217,0.16785356402397156,0.6439086198806763,0.020384252071380615
Barclays,2023,7,26,0.29634350538253784,0.12334617972373962,0.5803102850914001,0.17299732565879822
Barclays,2023,8,23,0.30489322543144226,0.019993528723716736,0.6751132607460022,0.2848996967077255
Barclays,2023,9,355,0.20419403910636902,0.15953510999679565,0.6362711191177368,0.044658929109573364
Barclays,2024,0,62,0.13711823523044586,0.14829686284065247,0.7145848274230957,-0.011178627610206604
Barclays,2024,1,78,0.1522819995880127,0.18539933860301971,0.6623186469078064,-0.03311733901500702
Barclays,2024,2,72,0.30854445695877075,0.14839038252830505,0.5430651307106018,0.1601540744304657
Barclays,2024,3,86,0.11476955562829971,0.19277246296405792,0.6924579739570618,-0.07800290733575821
Barclays,2024,4,68,0.1986376941204071,0.09961562603712082,0.7017467021942139,0.09902206808328629
Barclays,2024,5,44,0.2734558582305908,0.05466075241565704,0.6718833446502686,0.21879510581493378
Barclays,2024,6,9,0.18426577746868134,0.16587860882282257,0.6498556137084961,0.018387168645858765
Barclays,2024,7,33,0.217640683054924,0.14082029461860657,0.6415390372276306,0.07682038843631744
Barclays,2024,8,24,0.13874253630638123,0.03790155425667763,0.8233558535575867,0.1008409820497036
Barclays,2024,9,400,0.17859914898872375,0.17210489511489868,0.6492961645126343,0.006494253873825073
HSBC,2017,0,15,0.2680177092552185,0.017835566774010658,0.7141467332839966,0.25018214248120785
HSBC,2017,1,14,0.18484650552272797,0.10694556683301926,0.708207905292511,0.07790093868970871
HSBC,2017,2,20,0.4390535354614258,0.054063159972429276,0.5068833827972412,0.3849903754889965
HSBC,2017,3,9,0.3726041316986084,0.011574032716453075,0.6158217787742615,0.3610300989821553
HSBC,2017,4,10,0.41236457228660583,0.10676993429660797,0.480865478515625,0.30559463798999786
HSBC,2017,5,100,0.29916656017303467,0.02719995751976967,0.6736333966255188,0.271966602653265
HSBC,2017,6,4,0.24532632529735565,0.016393231227993965,0.7382804155349731,0.2289330940693617
HSBC,2017,7,10,0.4593806862831116,0.013159828260540962,0.5274595022201538,0.4462208580225706
HSBC,2017,8,8,0.302062064409256,0.014483598992228508,0.6834543943405151,0.2875784654170275
HSBC,2017,9,6,0.45216628909111023,0.010543279349803925,0.5372903943061829,0.4416230097413063
HSBC,2018,0,60,0.20799162983894348,0.08682067692279816,0.7051876187324524,0.12117095291614532
HSBC,2018,1,15,0.27098071575164795,0.016674358397722244,0.7123448848724365,0.2543063573539257
HSBC,2018,2,51,0.32595109939575195,0.05489106848835945,0.6191577911376953,0.2710600309073925
HSBC,2018,3,44,0.36464110016822815,0.10118997097015381,0.5341689586639404,0.26345112919807434
HSBC,2018,4,16,0.29174095392227173,0.032184477895498276,0.6760746240615845,0.25955647602677345
HSBC,2018,5,178,0.33012446761131287,0.05975896865129471,0.6101165413856506,0.27036549896001816
HSBC,2018,6,8,0.273161381483078,0.020116960629820824,0.7067216634750366,0.2530444208532572
HSBC,2018,7,21,0.4088836908340454,0.05633651092648506,0.5347798466682434,0.35254717990756035
HSBC,2018,8,28,0.3516443371772766,0.14686976373195648,0.5014859437942505,0.20477457344532013
HSBC,2018,9,22,0.18000195920467377,0.11410707980394363,0.7058908939361572,0.06589487940073013
HSBC,2019,0,142,0.3539559841156006,0.07688020914793015,0.5691635608673096,0.27707577496767044
HSBC,2019,1,61,0.3073325455188751,0.04801448807120323,0.6446529626846313,0.2593180574476719
HSBC,2019,2,51,0.32763156294822693,0.06797252595424652,0.6043959259986877,0.2596590369939804
HSBC,2019,3,99,0.327436625957489,0.0754062756896019,0.5971571803092957,0.2520303502678871
HSBC,2019,4,41,0.2519764304161072,0.033369019627571106,0.7146546244621277,0.21860741078853607
HSBC,2019,5,318,0.35756486654281616,0.07271412760019302,0.5697208642959595,0.28485073894262314
HSBC,2019,6,21,0.2569218575954437,0.015530383214354515,0.7275477647781372,0.2413914743810892
HSBC,2019,7,53,0.32414793968200684,0.0414123460650444,0.6344397068023682,0.28273559361696243
HSBC,2019,8,44,0.3582186698913574,0.032198820263147354,0.6095824837684631,0.32601984962821007
HSBC,2019,9,38,0.21797755360603333,0.07825416326522827,0.703768253326416,0.13972339034080505
HSBC,2020,0,321,0.32793086767196655,0.12642158567905426,0.5456476807594299,0.2015092819929123
HSBC,2020,1,71,0.38669073581695557,0.08832894265651703,0.5249802470207214,0.29836179316043854
HSBC,2020,2,63,0.3753146529197693,0.025185825303196907,0.5994996428489685,0.3501288276165724
HSBC,2020,3,99,0.39717602729797363,0.061749618500471115,0.5410746335983276,0.3354264087975025
HSBC,2020,4,50,0.3970557749271393,0.06112302839756012,0.541821300983429,0.33593274652957916
HSBC,2020,5,110,0.42900219559669495,0.03557117283344269,0.5354267358779907,0.39343102276325226
HSBC,2020,6,10,0.23356521129608154,0.1909426599740982,0.5754921436309814,0.04262255132198334
HSBC,2020,7,65,0.3618943393230438,0.04732349142432213,0.590782105922699,0.3145708478987217
HSBC,2020,8,36,0.32299116253852844,0.10932955145835876,0.5676793456077576,0.21366161108016968
HSBC,2020,9,66,0.259773850440979,0.13902029395103455,0.6012057065963745,0.12075355648994446
HSBC,2021,0,267,0.35279300808906555,0.08816194534301758,0.5590450167655945,0.264631062746048
HSBC,2021,1,98,0.3381061553955078,0.08475363254547119,0.5771400928497314,0.2533525228500366
HSBC,2021,2,124,0.30310219526290894,0.04511057958006859,0.6517874002456665,0.25799161568284035
HSBC,2021,3,68,0.4013631343841553,0.022136615589261055,0.5765001773834229,0.3792265187948942
HSBC,2021,4,50,0.3009977638721466,0.05343126878142357,0.6455710530281067,0.24756649509072304
HSBC,2021,5,115,0.334993451833725,0.043674591928720474,0.6213318705558777,0.2913188599050045
HSBC,2021,6,18,0.3101371228694916,0.0222384724766016,0.6676243543624878,0.28789865039289
HSBC,2021,7,56,0.40422123670578003,0.0521637462079525,0.5436150431632996,0.35205749049782753
HSBC,2021,8,36,0.2632151246070862,0.0969596803188324,0.6398252248764038,0.16625544428825378
HSBC,2021,9,42,0.3089752197265625,0.057561419904232025,0.6334633827209473,0.2514137998223305
HSBC,2022,0,260,0.3434675335884094,0.09031809121370316,0.566214382648468,0.25314944237470627
HSBC,2022,1,132,0.3184735178947449,0.06898068636655807,0.6125457882881165,0.2494928315281868
HSBC,2022,2,112,0.4176025986671448,0.03360338136553764,0.5487937927246094,0.38399921730160713
HSBC,2022,3,65,0.3321417570114136,0.09505052119493484,0.5728076696395874,0.23709123581647873
HSBC,2022,4,71,0.31646835803985596,0.07071514427661896,0.6128163933753967,0.245753213763237
HSBC,2022,5,85,0.33543291687965393,0.04239568114280701,0.6221714615821838,0.2930372357368469
HSBC,2022,6,18,0.2474939227104187,0.03080068714916706,0.721705436706543,0.21669323556125164
HSBC,2022,7,41,0.49888136982917786,0.07371266186237335,0.42740604281425476,0.4251687079668045
HSBC,2022,8,30,0.2612690031528473,0.04749017953872681,0.6912407279014587,0.21377882361412048
HSBC,2022,9,35,0.35222941637039185,0.043380651623010635,0.6043898463249207,0.3088487647473812
HSBC,2023,0,257,0.31622591614723206,0.046379633247852325,0.6373944878578186,0.26984628289937973
HSBC,2023,1,133,0.3108466565608978,0.048535384237766266,0.6406177878379822,0.26231127232313156
HSBC,2023,2,132,0.3286101520061493,0.04218659549951553,0.6292033195495605,0.28642355650663376
HSBC,2023,3,46,0.24302969872951508,0.08342484384775162,0.6735454797744751,0.15960485488176346
HSBC,2023,4,75,0.3231406807899475,0.08128423988819122,0.5955751538276672,0.2418564409017563
HSBC,2023,5,93,0.29543063044548035,0.03882323578000069,0.6657461524009705,0.25660739466547966
HSBC,2023,6,19,0.22968992590904236,0.014776090160012245,0.7555339932441711,0.2149138357490301
HSBC,2023,7,29,0.46092337369918823,0.042937345802783966,0.496139258146286,0.41798602789640427
HSBC,2023,8,38,0.15182363986968994,0.06665538251399994,0.7815210223197937,0.08516825735569
HSBC,2023,9,23,0.3102675676345825,0.028743989765644073,0.660988450050354,0.28152357786893845
HSBC,2024,0,276,0.2822000980377197,0.07258100062608719,0.6452187299728394,0.20961909741163254
HSBC,2024,1,134,0.29234880208969116,0.09195195138454437,0.615699052810669,0.2003968507051468
HSBC,2024,2,123,0.33861953020095825,0.08024898916482925,0.5811313390731812,0.258370541036129
HSBC,2024,3,74,0.3048474192619324,0.07699890434741974,0.6181535720825195,0.22784851491451263
HSBC,2024,4,67,0.37265893816947937,0.036365997046232224,0.5909749865531921,0.33629294112324715
HSBC,2024,5,93,0.3476729393005371,0.04611212760210037,0.6062149405479431,0.30156081169843674
HSBC,2024,6,23,0.3147062361240387,0.027719344943761826,0.6575743556022644,0.28698689118027687
HSBC,2024,7,36,0.5385562181472778,0.019423896446824074,0.44201982021331787,0.5191323217004538
HSBC,2024,8,56,0.26375630497932434,0.083184614777565,0.6530590653419495,0.18057169020175934
HSBC,2024,9,27,0.4457702338695526,0.0878283679485321,0.46640142798423767,0.3579418659210205
Lloyds,2017,0,59,0.19998371601104736,0.05996991693973541,0.7400464415550232,0.14001379907131195
Lloyds,2017,1,58,0.21140922605991364,0.042412128299474716,0.7461786866188049,0.16899709776043892
Lloyds,2017,2,51,0.2564837634563446,0.09081393480300903,0.6527021527290344,0.16566982865333557
Lloyds,2017,3,63,0.25232580304145813,0.07572630047798157,0.6719478964805603,0.17659950256347656
Lloyds,2017,4,393,0.2500149607658386,0.04639066383242607,0.7035945057868958,0.20362429693341255
Lloyds,2017,5,117,0.2971339225769043,0.03623533993959427,0.6666308641433716,0.26089858263731003
Lloyds,2017,6,36,0.2388591170310974,0.032525479793548584,0.7286152839660645,0.20633363723754883
Lloyds,2017,7,47,0.25795069336891174,0.08655732870101929,0.6554919481277466,0.17139336466789246
Lloyds,2017,8,31,0.23561440408229828,0.05405893921852112,0.7103266716003418,0.18155546486377716
Lloyds,2017,9,44,0.24557894468307495,0.09373360127210617,0.6606874465942383,0.15184534341096878
Lloyds,2018,0,63,0.14044374227523804,0.07284209877252579,0.7867140769958496,0.06760164350271225
Lloyds,2018,1,51,0.2239300012588501,0.045329585671424866,0.7307404279708862,0.17860041558742523
Lloyds,2018,2,56,0.30550655722618103,0.08483994007110596,0.6096535325050354,0.22066661715507507
Lloyds,2018,3,59,0.20308643579483032,0.06722024083137512,0.7296932935714722,0.1358661949634552
Lloyds,2018,4,377,0.24098075926303864,0.042422764003276825,0.7165963053703308,0.1985579952597618
Lloyds,2018,5,128,0.357450932264328,0.03648263216018677,0.6060667634010315,0.32096830010414124
Lloyds,2018,6,65,0.1961575150489807,0.08397039026021957,0.7198721766471863,0.11218712478876114
Lloyds,2018,7,30,0.31823596358299255,0.019835053011775017,0.6619290113449097,0.29840091057121754
Lloyds,2018,8,29,0.22499439120292664,0.04942549392580986,0.7255801558494568,0.17556889727711678
Lloyds,2018,9,28,0.1785425990819931,0.07036866247653961,0.7510887384414673,0.10817393660545349
Lloyds,2019,0,2,0.03198034316301346,0.04069504886865616,0.927324652671814,-0.0087147057056427
Lloyds,2019,1,1,0.02376503124833107,0.039637915790081024,0.9365970492362976,-0.015872884541749954
Lloyds,2019,2,1,0.1450749933719635,0.011259117163717747,0.8436658978462219,0.13381587620824575
Lloyds,2019,3,2,0.19994491338729858,0.019689012318849564,0.780366063117981,0.18025590106844902
Lloyds,2019,5,1,0.12017663568258286,0.011534290388226509,0.8682891130447388,0.10864234529435635
Lloyds,2019,6,7,0.3131648898124695,0.018406128510832787,0.6684289574623108,0.2947587613016367
Lloyds,2020,0,21,0.25410372018814087,0.05567328259348869,0.6902230381965637,0.19843043759465218
Lloyds,2020,1,48,0.2704130709171295,0.06638409197330475,0.6632028222084045,0.20402897894382477
Lloyds,2020,2,126,0.3395858108997345,0.0363137423992157,0.6241002678871155,0.3032720685005188
Lloyds,2020,3,45,0.34046003222465515,0.023796282708644867,0.6357436776161194,0.3166637495160103
Lloyds,2020,4,56,0.30618634819984436,0.025529904291033745,0.6682837605476379,0.2806564439088106
Lloyds,2020,5,523,0.342657208442688,0.05885767564177513,0.5984854102134705,0.28379953280091286
Lloyds,2020,6,13,0.26223018765449524,0.07636193186044693,0.6614078879356384,0.1858682557940483
Lloyds,2020,7,29,0.36650940775871277,0.06380480527877808,0.5696856379508972,0.3027046024799347
Lloyds,2020,8,50,0.26209044456481934,0.053760118782520294,0.6841493844985962,0.20833032578229904
Lloyds,2020,9,14,0.13723479211330414,0.11730387061834335,0.7454613447189331,0.019930921494960785
Lloyds,2021,0,10,0.2752093970775604,0.06141937896609306,0.663371205329895,0.21379001811146736
Lloyds,2021,1,25,0.37268179655075073,0.012064668349921703,0.6152535080909729,0.36061712820082903
Lloyds,2021,2,140,0.40734899044036865,0.025181373581290245,0.5674694776535034,0.3821676168590784
Lloyds,2021,3,43,0.4067155122756958,0.017918290570378304,0.5753660202026367,0.3887972217053175
Lloyds,2021,4,47,0.3682299256324768,0.042878877371549606,0.5888910889625549,0.3253510482609272
Lloyds,2021,5,486,0.3589061498641968,0.04658237472176552,0.5945114493370056,0.31232377514243126
Lloyds,2021,6,13,0.25478193163871765,0.06760909408330917,0.6776090264320374,0.18717283755540848
Lloyds,2021,7,35,0.4352434575557709,0.05278833210468292,0.511968195438385,0.38245512545108795
Lloyds,2021,8,23,0.339678555727005,0.02885892055928707,0.6314625144004822,0.31081963516771793
Lloyds,2021,9,8,0.16380248963832855,0.013076167553663254,0.8231212496757507,0.1507263220846653
Lloyds,2022,0,33,0.3009187877178192,0.10506412386894226,0.5940170288085938,0.19585466384887695
Lloyds,2022,1,107,0.29136934876441956,0.06461237370967865,0.6440181732177734,0.2267569750547409
Lloyds,2022,2,393,0.3191378712654114,0.04749665409326553,0.6333654522895813,0.27164121717214584
Lloyds,2022,3,32,0.3451860845088959,0.0688326507806778,0.5859812498092651,0.2763534337282181
Lloyds,2022,4,84,0.26276424527168274,0.04453027620911598,0.6927053928375244,0.21823396906256676
Lloyds,2022,5,71,0.34951749444007874,0.0388711653649807,0.6116112470626831,0.31064632907509804
Lloyds,2022,6,10,0.16173605620861053,0.0162814911454916,0.8219823837280273,0.14545456506311893
Lloyds,2022,7,18,0.4412221312522888,0.09183719009160995,0.46694067120552063,0.34938494116067886
Lloyds,2022,8,45,0.28915372490882874,0.025060473009943962,0.685785710811615,0.2640932518988848
Lloyds,2022,9,30,0.22388792037963867,0.037687428295612335,0.73842453956604,0.18620049208402634
Lloyds,2023,0,18,0.1844031810760498,0.024373596534132957,0.7912232875823975,0.16002958454191685
Lloyds,2023,1,41,0.3676013946533203,0.0506746768951416,0.5817239880561829,0.3169267177581787
Lloyds,2023,2,521,0.4015685021877289,0.03181043267250061,0.5666211247444153,0.36975806951522827
Lloyds,2023,3,77,0.4520949423313141,0.0490243174135685,0.4988807439804077,0.4030706249177456
Lloyds,2023,4,43,0.2992936372756958,0.057525306940078735,0.6431810855865479,0.24176833033561707
Lloyds,2023,5,210,0.3463986814022064,0.0429488942027092,0.6106523871421814,0.3034497871994972
Lloyds,2023,6,17,0.4083578884601593,0.07587458193302155,0.5157675743103027,0.33248330652713776
Lloyds,2023,7,36,0.30711543560028076,0.03791150450706482,0.654973030090332,0.26920393109321594
Lloyds,2023,8,35,0.3205606937408447,0.031088702380657196,0.6483505368232727,0.28947199136018753
Lloyds,2023,9,25,0.33196407556533813,0.07951952517032623,0.588516354560852,0.2524445503950119
Lloyds,2024,0,16,0.3648667633533478,0.019026843830943108,0.616106390953064,0.34583991952240467
Lloyds,2024,1,33,0.4387120306491852,0.013292322866618633,0.5479957461357117,0.42541970778256655
Lloyds,2024,2,404,0.4247315526008606,0.039207376539707184,0.53606116771698,0.3855241760611534
Lloyds,2024,3,88,0.3730182945728302,0.035630423575639725,0.5913512706756592,0.3373878709971905
Lloyds,2024,4,121,0.43584761023521423,0.04217178747057915,0.5219804644584656,0.3936758227646351
Lloyds,2024,5,178,0.3724863827228546,0.03055047243833542,0.596963107585907,0.3419359102845192
Lloyds,2024,6,17,0.44389140605926514,0.013124722056090832,0.5429838299751282,0.4307666840031743
Lloyds,2024,7,64,0.4189002811908722,0.013867839239537716,0.567232072353363,0.4050324419513345
Lloyds,2024,8,54,0.41697707772254944,0.04391620680689812,0.5391067266464233,0.3730608709156513
Lloyds,2024,9,19,0.597059428691864,0.010664512403309345,0.3922760486602783,0.5863949162885547
Natwest,2017,0,20,0.0879942998290062,0.10051174461841583,0.811493992805481,-0.012517444789409637
Natwest,2017,1,17,0.0504433810710907,0.05973099172115326,0.889825701713562,-0.009287610650062561
Natwest,2017,2,9,0.28230252861976624,0.06992543488740921,0.647771954536438,0.21237709373235703
Natwest,2017,3,100,0.13870267570018768,0.18548528850078583,0.6758120059967041,-0.046782612800598145
Natwest,2017,4,33,0.1781667172908783,0.08723653852939606,0.7345967888832092,0.09093017876148224
Natwest,2017,5,17,0.1662829965353012,0.10965913534164429,0.7240579128265381,0.05662386119365692
Natwest,2017,6,3,0.1970580816268921,0.0182796623557806,0.7846621870994568,0.1787784192711115
Natwest,2017,7,8,0.19756124913692474,0.04689265787601471,0.7555460929870605,0.15066859126091003
Natwest,2017,8,11,0.18842296302318573,0.043355800211429596,0.7682212591171265,0.14506716281175613
Natwest,2017,9,24,0.1416502743959427,0.1268438994884491,0.731505811214447,0.014806374907493591
Natwest,2018,0,28,0.08224622160196304,0.18165323138237,0.7361006736755371,-0.09940700978040695
Natwest,2018,1,20,0.11339876800775528,0.06085550785064697,0.8257457613945007,0.05254326015710831
Natwest,2018,2,15,0.2533462345600128,0.014961144886910915,0.7316926121711731,0.2383850896731019
Natwest,2018,3,241,0.1318906545639038,0.2216673195362091,0.6464419364929199,-0.0897766649723053
Natwest,2018,4,26,0.13518108427524567,0.1215934082865715,0.7432254552841187,0.013587675988674164
Natwest,2018,5,5,0.059485115110874176,0.15394671261310577,0.7865681648254395,-0.0944615975022316
Natwest,2018,6,12,0.16053760051727295,0.12962032854557037,0.7098420262336731,0.030917271971702576
Natwest,2018,7,10,0.09826111793518066,0.2246139794588089,0.6771249175071716,-0.12635286152362823
Natwest,2018,8,7,0.10937659442424774,0.19614018499851227,0.6944832801818848,-0.08676359057426453
Natwest,2018,9,43,0.16312536597251892,0.17547890543937683,0.6613957285881042,-0.01235353946685791
Natwest,2019,0,29,0.1778683066368103,0.1049426943063736,0.7171891331672668,0.0729256123304367
Natwest,2019,1,36,0.15507175028324127,0.12363827228546143,0.7212900519371033,0.031433477997779846
Natwest,2019,2,16,0.14170508086681366,0.14078521728515625,0.7175096869468689,0.0009198635816574097
Natwest,2019,3,353,0.15003108978271484,0.18395458161830902,0.6660147905349731,-0.03392349183559418
Natwest,2019,4,33,0.14191946387290955,0.07509130239486694,0.7829892039299011,0.0668281614780426
Natwest,2019,5,22,0.18180634081363678,0.04070708155632019,0.7774866223335266,0.1410992592573166
Natwest,2019,6,8,0.13785432279109955,0.38180118799209595,0.4803445339202881,-0.2439468652009964
Natwest,2019,7,15,0.3004739582538605,0.14711962640285492,0.5524064302444458,0.15335433185100555
Natwest,2019,8,12,0.22566507756710052,0.12407227605581284,0.6502626538276672,0.10159280151128769
Natwest,2019,9,45,0.09119568765163422,0.28929823637008667,0.6195060610771179,-0.19810254871845245
Natwest,2020,0,71,0.0931357741355896,0.15837472677230835,0.7484894394874573,-0.06523895263671875
Natwest,2020,1,61,0.1320260614156723,0.18100914359092712,0.6869649291038513,-0.04898308217525482
Natwest,2020,2,44,0.17531324923038483,0.12304267287254333,0.7016440033912659,0.05227057635784149
Natwest,2020,3,362,0.11679323017597198,0.22217068076133728,0.6610360145568848,-0.1053774505853653
Natwest,2020,4,57,0.1688203364610672,0.10116308927536011,0.7300165295600891,0.06765724718570709
Natwest,2020,5,43,0.2614341676235199,0.1081366315484047,0.6304291486740112,0.1532975360751152
Natwest,2020,6,14,0.06449068337678909,0.08468823879957199,0.8508210182189941,-0.020197555422782898
Natwest,2020,7,36,0.19853778183460236,0.2462959885597229,0.5551662445068359,-0.047758206725120544
Natwest,2020,8,27,0.10397076606750488,0.08362647891044617,0.8124027252197266,0.020344287157058716
Natwest,2020,9,84,0.12933829426765442,0.1349431425333023,0.7357186079025269,-0.005604848265647888
Natwest,2021,0,23,0.33318114280700684,0.01570330560207367,0.6511155366897583,0.31747783720493317
Natwest,2021,1,42,0.28058916330337524,0.057746246457099915,0.6616646647453308,0.22284291684627533
Natwest,2021,2,68,0.32159847021102905,0.030147289857268333,0.6482542157173157,0.2914511803537607
Natwest,2021,3,329,0.27520740032196045,0.03804032504558563,0.6867520809173584,0.23716707527637482
Natwest,2021,4,53,0.3328205347061157,0.012889795936644077,0.6542896032333374,0.31993073876947165
Natwest,2021,5,236,0.3362365663051605,0.0440194308757782,0.6197437644004822,0.2922171354293823
Natwest,2021,6,6,0.26592734456062317,0.018566615879535675,0.7155060768127441,0.2473607286810875
Natwest,2021,7,37,0.37002649903297424,0.016813218593597412,0.6131603717803955,0.35321328043937683
Natwest,2021,8,60,0.22235426306724548,0.04885090887546539,0.7287948131561279,0.1735033541917801
Natwest,2021,9,35,0.27612197399139404,0.07328637689352036,0.6505916714668274,0.2028355970978737
Natwest,2022,0,19,0.25861629843711853,0.05319703742861748,0.6881866455078125,0.20541926100850105
Natwest,2022,1,36,0.25547996163368225,0.07641983777284622,0.6681001782417297,0.17906012386083603
Natwest,2022,2,76,0.34110382199287415,0.056783467531204224,0.6021126508712769,0.2843203544616699
Natwest,2022,3,451,0.3177630603313446,0.029293831437826157,0.6529431939125061,0.28846922889351845
Natwest,2022,4,53,0.25881528854370117,0.02939694933593273,0.711787760257721,0.22941833920776844
Natwest,2022,5,131,0.3262799084186554,0.035142358392477036,0.6385777592658997,0.29113755002617836
Natwest,2022,6,14,0.23918020725250244,0.015080652199685574,0.7457391619682312,0.22409955505281687
Natwest,2022,7,32,0.19218114018440247,0.016286080703139305,0.7915328741073608,0.17589505948126316
Natwest,2022,8,69,0.26763370633125305,0.06985410302877426,0.6625120639801025,0.1977796033024788
Natwest,2022,9,17,0.22077231109142303,0.09481079876422882,0.6844168901443481,0.1259615123271942
Natwest,2023,0,23,0.31111428141593933,0.015164153650403023,0.6737216114997864,0.2959501277655363
Natwest,2023,1,42,0.27466902136802673,0.028134772554039955,0.6971962451934814,0.24653424881398678
Natwest,2023,2,86,0.39386340975761414,0.023481907323002815,0.5826546549797058,0.3703815024346113
Natwest,2023,3,410,0.29633694887161255,0.03397592529654503,0.6696869730949402,0.2623610235750675
Natwest,2023,4,74,0.3495519459247589,0.029796630144119263,0.6206514239311218,0.31975531578063965
Natwest,2023,5,128,0.2838751971721649,0.035087745636701584,0.6810370683670044,0.24878745153546333
Natwest,2023,6,11,0.3384522795677185,0.013348501175642014,0.648199200630188,0.3251037783920765
Natwest,2023,7,28,0.35804885625839233,0.01506639551371336,0.6268848776817322,0.342982460744679
Natwest,2023,8,57,0.18840351700782776,0.08303816616535187,0.728558361530304,0.10536535084247589
Natwest,2023,9,23,0.1879039704799652,0.08591527491807938,0.7261807918548584,0.10198869556188583
Natwest,2024,0,39,0.2750369608402252,0.08026101440191269,0.6447020769119263,0.19477594643831253
Natwest,2024,1,110,0.23720243573188782,0.07690228521823883,0.6858953833580017,0.160300150513649
Natwest,2024,2,181,0.3670171797275543,0.02926943264901638,0.6037132143974304,0.33774774707853794
Natwest,2024,3,88,0.2338913083076477,0.04790954664349556,0.7181991934776306,0.18598176166415215
Natwest,2024,4,387,0.24296672642230988,0.04932766780257225,0.7077056169509888,0.19363905861973763
Natwest,2024,5,46,0.27516087889671326,0.04097835719585419,0.6838606595993042,0.23418252170085907
Natwest,2024,6,7,0.11516434699296951,0.04817800968885422,0.8366576433181763,0.0669863373041153
Natwest,2024,7,31,0.19312477111816406,0.036551475524902344,0.7703236937522888,0.15657329559326172
Natwest,2024,8,41,0.2992321252822876,0.05892627313733101,0.6418415904045105,0.2403058521449566
Natwest,2024,9,24,0.21465611457824707,0.0949721410870552,0.6903716921806335,0.11968397349119186
Santander,2017,0,17,0.3326003849506378,0.015349109657108784,0.6520504951477051,0.31725127529352903
Santander,2017,1,29,0.35471564531326294,0.020905235782265663,0.62437903881073,0.3338104095309973
Santander,2017,2,110,0.3847307860851288,0.08488194644451141,0.530387282371521,0.29984883964061737
Santander,2017,3,208,0.3288869559764862,0.09412222355604172,0.5769906640052795,0.2347647324204445
Santander,2017,4,30,0.3057039678096771,0.09261367470026016,0.6016823649406433,0.21309029310941696
Santander,2017,5,80,0.2983609437942505,0.04992828518152237,0.6517108678817749,0.24843265861272812
Santander,2017,6,5,0.1344812661409378,0.026944875717163086,0.8385738134384155,0.10753639042377472
Santander,2017,7,39,0.37194743752479553,0.05268888548016548,0.5753636956214905,0.31925855204463005
Santander,2017,8,102,0.2980595529079437,0.06949405372142792,0.6324463486671448,0.2285654991865158
Santander,2017,9,15,0.2523486614227295,0.14716821908950806,0.6004831194877625,0.10518044233322144
Santander,2018,0,7,0.40498921275138855,0.011777975596487522,0.5832328200340271,0.393211237154901
Santander,2018,1,11,0.4411821663379669,0.010984539054334164,0.5478333830833435,0.43019762728363276
Santander,2018,2,47,0.3895328640937805,0.01454227790236473,0.5959247946739197,0.3749905861914158
Santander,2018,3,114,0.4061603844165802,0.05247192457318306,0.5413676500320435,0.35368845984339714
Santander,2018,4,16,0.4634819030761719,0.018226662650704384,0.5182914137840271,0.4452552404254675
Santander,2018,5,66,0.38567617535591125,0.03637857362627983,0.5779452919960022,0.3492976017296314
Santander,2018,6,6,0.46448764204978943,0.011506564915180206,0.5240058302879333,0.4529810771346092
Santander,2018,7,18,0.4167340397834778,0.016323229297995567,0.5669427514076233,0.4004108104854822
Santander,2018,8,50,0.39825379848480225,0.06456878781318665,0.5371774435043335,0.3336850106716156
Santander,2018,9,9,0.42668139934539795,0.018179738894104958,0.555138885974884,0.408501660451293
Santander,2019,0,5,0.2540469467639923,0.013296236284077168,0.7326568365097046,0.24075071047991514
Santander,2019,1,14,0.1382337361574173,0.08251196891069412,0.7792543172836304,0.055721767246723175
Santander,2019,2,12,0.36277201771736145,0.1431553065776825,0.49407267570495605,0.21961671113967896
Santander,2019,3,17,0.2274615615606308,0.061592262238264084,0.7109462022781372,0.16586929932236671
Santander,2019,4,7,0.24285776913166046,0.01814134605228901,0.7390009164810181,0.22471642307937145
Santander,2019,5,19,0.2054198682308197,0.09163865447044373,0.7029414176940918,0.11378121376037598
Santander,2019,6,4,0.2343912124633789,0.0772668868303299,0.6883418560028076,0.157124325633049
Santander,2019,7,2,0.43849679827690125,0.033421024680137634,0.5280821919441223,0.4050757735967636
Santander,2019,8,74,0.2143225371837616,0.13873055577278137,0.6469469666481018,0.07559198141098022
Santander,2019,9,9,0.044750478118658066,0.03640550374984741,0.9188441038131714,0.008344974368810654
Santander,2020,0,7,0.25447383522987366,0.018404485657811165,0.7271217107772827,0.2360693495720625
Santander,2020,1,21,0.1650509089231491,0.057693883776664734,0.7772551774978638,0.10735702514648438
Santander,2020,2,13,0.23846067488193512,0.011933213099837303,0.7496061325073242,0.22652746178209782
Santander,2020,3,27,0.2978668808937073,0.08341709524393082,0.6187160611152649,0.21444978564977646
Santander,2020,4,7,0.27306845784187317,0.015276736579835415,0.7116548418998718,0.25779172126203775
Santander,2020,5,40,0.34489887952804565,0.021924376487731934,0.6331767439842224,0.3229745030403137
Santander,2020,6,4,0.23815783858299255,0.25306257605552673,0.5087795257568359,-0.01490473747253418
Santander,2020,7,14,0.36178770661354065,0.1462639719247818,0.49194827675819397,0.21552373468875885
Santander,2020,8,234,0.15859495103359222,0.08306989073753357,0.7583348155021667,0.07552506029605865
Santander,2020,9,10,0.13906173408031464,0.20876367390155792,0.6521745920181274,-0.06970193982124329
Santander,2021,0,7,0.18042899668216705,0.01599033921957016,0.8035807013511658,0.1644386574625969
Santander,2021,1,16,0.27506572008132935,0.027365056797862053,0.6975691914558411,0.2477006632834673
Santander,2021,2,29,0.38291192054748535,0.02808026596903801,0.5890079140663147,0.35483165457844734
Santander,2021,3,19,0.3269970715045929,0.014341696165502071,0.6586611866950989,0.3126553753390908
Santander,2021,4,7,0.1721474677324295,0.016349371522665024,0.8115031123161316,0.15579809620976448
Santander,2021,5,33,0.2938186824321747,0.04396814852952957,0.6622132658958435,0.2498505339026451
Santander,2021,7,9,0.23735158145427704,0.019650466740131378,0.7429978847503662,0.21770111471414566
Santander,2021,8,269,0.20568965375423431,0.05362747609615326,0.7406825423240662,0.15206217765808105
Santander,2021,9,3,0.44410744309425354,0.012627094984054565,0.5432654023170471,0.431480348110199
Santander,2022,0,9,0.3001919090747833,0.027445586398243904,0.6723625063896179,0.2727463226765394
Santander,2022,1,14,0.24349646270275116,0.028609275817871094,0.7278943061828613,0.21488718688488007
Santander,2022,2,47,0.3283540904521942,0.03889589011669159,0.6327499747276306,0.2894582003355026
Santander,2022,3,31,0.4859285056591034,0.021913982927799225,0.4921574890613556,0.46401452273130417
Santander,2022,4,15,0.26157060265541077,0.018550056964159012,0.7198793292045593,0.24302054569125175
Santander,2022,5,36,0.30538633465766907,0.013426671735942364,0.6811869740486145,0.2919596629217267
Santander,2022,6,6,0.34634771943092346,0.009931248612701893,0.6437210440635681,0.33641647081822157
Santander,2022,7,14,0.4458388388156891,0.039740998297929764,0.514420211315155,0.4060978405177593
Santander,2022,8,281,0.19379587471485138,0.04653407633304596,0.7596700191497803,0.14726179838180542
Santander,2022,9,6,0.31191036105155945,0.012791040353477001,0.6752986311912537,0.29911932069808245
Santander,2023,0,15,0.04126978665590286,0.1215478703379631,0.837182343006134,-0.08027808368206024
Santander,2023,1,30,0.25065168738365173,0.04092186316847801,0.7084264755249023,0.20972982421517372
Santander,2023,2,55,0.2347392588853836,0.035435911267995834,0.7298249006271362,0.19930334761738777
Santander,2023,3,35,0.29826250672340393,0.0724010244011879,0.6293364763259888,0.22586148232221603
Santander,2023,4,23,0.17772039771080017,0.03918839991092682,0.7830911874771118,0.13853199779987335
Santander,2023,5,48,0.2704721689224243,0.028937598690390587,0.700590193271637,0.24153457023203373
Santander,2023,6,11,0.3256585896015167,0.01142315473407507,0.6629182696342468,0.31423543486744165
Santander,2023,7,15,0.27156516909599304,0.029959585517644882,0.698475182056427,0.24160558357834816
Santander,2023,8,413,0.14815782010555267,0.0760052502155304,0.775837242603302,0.07215256989002228
Santander,2023,9,8,0.24327024817466736,0.11109635978937149,0.6456334590911865,0.13217388838529587
Santander,2024,0,25,0.1930326223373413,0.03279406204819679,0.7741732597351074,0.16023856028914452
Santander,2024,1,64,0.17294949293136597,0.07339226454496384,0.7536583542823792,0.09955722838640213
Santander,2024,2,106,0.293245404958725,0.06052808463573456,0.6462266445159912,0.23271732032299042
Santander,2024,3,59,0.2627691626548767,0.09394915401935577,0.6432816386222839,0.16882000863552094
Santander,2024,4,49,0.21628838777542114,0.12077201157808304,0.662939727306366,0.0955163761973381
Santander,2024,5,68,0.31403040885925293,0.06931057572364807,0.6166588068008423,0.24471983313560486
Santander,2024,6,6,0.12381049245595932,0.03655708581209183,0.8396324515342712,0.08725340664386749
Santander,2024,7,53,0.19370503723621368,0.10541503131389618,0.7008798122406006,0.0882900059223175
Santander,2024,8,334,0.14288680255413055,0.0952407568693161,0.7618725895881653,0.04764604568481445
Santander,2024,9,87,0.13962559401988983,0.12405886501073837,0.7363154888153076,0.015566729009151459
StandardChartered,2017,0,50,0.1243230402469635,0.0848432332277298,0.7908336520195007,0.039479807019233704
StandardChartered,2017,1,220,0.1927395761013031,0.04346879944205284,0.7637917399406433,0.14927077665925026
StandardChartered,2017,2,28,0.3572387993335724,0.04990117624402046,0.5928600430488586,0.3073376230895519
StandardChartered,2017,3,73,0.2539103329181671,0.03051450476050377,0.7155752778053284,0.22339582815766335
StandardChartered,2017,4,42,0.1628851741552353,0.02521347999572754,0.8119012713432312,0.13767169415950775
StandardChartered,2017,5,40,0.343797504901886,0.04180784523487091,0.6143947839736938,0.3019896596670151
StandardChartered,2017,6,10,0.2599655091762543,0.030133608728647232,0.7099007964134216,0.22983190044760704
StandardChartered,2017,7,158,0.24861447513103485,0.040961433202028275,0.7104241251945496,0.20765304192900658
StandardChartered,2017,8,20,0.20468823611736298,0.03795097395777702,0.7573608160018921,0.16673726215958595
StandardChartered,2017,9,34,0.15007257461547852,0.06944777071475983,0.7804795503616333,0.08062480390071869
StandardChartered,2018,1,2,0.48389020562171936,0.010413415729999542,0.5056964159011841,0.4734767898917198
StandardChartered,2018,2,4,0.3729153573513031,0.011360070668160915,0.6157245635986328,0.3615552866831422
StandardChartered,2018,3,8,0.33004260063171387,0.10538678616285324,0.5645705461502075,0.22465581446886063
StandardChartered,2018,4,2,0.5150477290153503,0.008377529680728912,0.47657468914985657,0.5066701993346214
StandardChartered,2018,5,10,0.3044886887073517,0.04833877086639404,0.6471725106239319,0.25614991784095764
StandardChartered,2018,6,3,0.5911047458648682,0.010108108632266521,0.39878717064857483,0.5809966372326016
StandardChartered,2018,7,90,0.41875559091567993,0.025092681869864464,0.5561517477035522,0.39366290904581547
StandardChartered,2018,8,3,0.4268995225429535,0.016999589279294014,0.5561008453369141,0.4098999332636595
StandardChartered,2018,9,3,0.17147786915302277,0.012142464518547058,0.8163796067237854,0.1593354046344757
StandardChartered,2019,0,4,0.48822733759880066,0.009416835382580757,0.5023558139801025,0.4788105022162199
StandardChartered,2019,1,15,0.33394768834114075,0.015495355241000652,0.6505569815635681,0.3184523331001401
StandardChartered,2019,2,5,0.3433447778224945,0.02443601004779339,0.6322191953659058,0.3189087677747011
StandardChartered,2019,3,10,0.2799522280693054,0.01290340255945921,0.7071443796157837,0.2670488255098462
StandardChartered,2019,4,3,0.22732114791870117,0.024053143337368965,0.7486256957054138,0.2032680045813322
StandardChartered,2019,5,9,0.34328535199165344,0.017519941553473473,0.6391947269439697,0.32576541043817997
StandardChartered,2019,6,3,0.036613937467336655,0.04025886207818985,0.9231272339820862,-0.003644924610853195
StandardChartered,2019,7,107,0.3899230360984802,0.059758760035037994,0.55031818151474,0.33016427606344223
StandardChartered,2019,8,3,0.2905445992946625,0.020074622705578804,0.6893808245658875,0.27046997658908367
StandardChartered,2019,9,2,0.06983472406864166,0.01718560978770256,0.9129796624183655,0.0526491142809391
StandardChartered,2020,0,1,0.044525012373924255,0.019557110965251923,0.9359179139137268,0.024967901408672333
StandardChartered,2020,1,15,0.3273026645183563,0.06825218349695206,0.6044450998306274,0.25905048102140427
StandardChartered,2020,2,4,0.1708962470293045,0.010083764791488647,0.8190199732780457,0.16081248223781586
StandardChartered,2020,3,13,0.34166333079338074,0.013803745619952679,0.6445329189300537,0.32785958517342806
StandardChartered,2020,5,19,0.3483453691005707,0.06315413117408752,0.5885004997253418,0.28519123792648315
StandardChartered,2020,7,74,0.3037106990814209,0.09752367436885834,0.5987657308578491,0.20618702471256256
StandardChartered,2020,8,7,0.23769548535346985,0.08902466297149658,0.6732798218727112,0.14867082238197327
StandardChartered,2020,9,4,0.4349350333213806,0.031014489009976387,0.534050464630127,0.40392054431140423
StandardChartered,2021,0,13,0.14723065495491028,0.047921471297740936,0.8048478364944458,0.09930918365716934
StandardChartered,2021,1,128,0.1469716578722,0.04536723718047142,0.8076610565185547,0.10160442069172859
StandardChartered,2021,2,26,0.2298380583524704,0.04482215642929077,0.7253398299217224,0.18501590192317963
StandardChartered,2021,3,44,0.13324527442455292,0.07622173428535461,0.7905330061912537,0.0570235401391983
StandardChartered,2021,4,31,0.1310361623764038,0.025627007707953453,0.8433367609977722,0.10540915466845036
StandardChartered,2021,5,64,0.24659308791160583,0.0559399276971817,0.697467029094696,0.19065316021442413
StandardChartered,2021,6,2,0.2014177143573761,0.015487758442759514,0.7830945253372192,0.18592995591461658
StandardChartered,2021,7,57,0.19481922686100006,0.03936133161187172,0.7658193707466125,0.15545789524912834
StandardChartered,2021,8,27,0.13184283673763275,0.0213792584836483,0.8467780351638794,0.11046357825398445
StandardChartered,2021,9,26,0.18771210312843323,0.06413924694061279,0.7481486201286316,0.12357285618782043
StandardChartered,2022,0,62,0.3387758433818817,0.18406802415847778,0.4771561920642853,0.15470781922340393
StandardChartered,2022,1,483,0.4006997048854828,0.09994888305664062,0.49935126304626465,0.30075082182884216
StandardChartered,2022,2,110,0.43871060013771057,0.043547164648771286,0.5177422761917114,0.3951634354889393
StandardChartered,2022,3,65,0.31444570422172546,0.09562300145626068,0.5899313688278198,0.21882270276546478
StandardChartered,2022,4,50,0.36124733090400696,0.03924937546253204,0.5995032787322998,0.3219979554414749
StandardChartered,2022,5,65,0.4242957830429077,0.05680147930979729,0.5189028978347778,0.36749430373311043
StandardChartered,2022,6,15,0.3841855823993683,0.08136554807424545,0.5344489216804504,0.30282003432512283
StandardChartered,2022,7,76,0.45677947998046875,0.030014559626579285,0.513205885887146,0.42676492035388947
StandardChartered,2022,8,39,0.30556970834732056,0.05853497236967087,0.635895311832428,0.2470347359776497
StandardChartered,2022,9,39,0.32824015617370605,0.23130910098552704,0.44045066833496094,0.09693105518817902
StandardChartered,2023,0,61,0.38316547870635986,0.058315493166446686,0.5585190057754517,0.3248499855399132
StandardChartered,2023,1,493,0.40942350029945374,0.08435453474521637,0.5062220692634583,0.32506896555423737
StandardChartered,2023,2,124,0.3829290270805359,0.1098502054810524,0.5072206258773804,0.2730788215994835
StandardChartered,2023,3,57,0.40507468581199646,0.07401745021343231,0.5209078192710876,0.33105723559856415
StandardChartered,2023,4,59,0.34259840846061707,0.04773044213652611,0.6096711754798889,0.29486796632409096
StandardChartered,2023,5,73,0.368734747171402,0.0412105955183506,0.5900547504425049,0.3275241516530514
StandardChartered,2023,6,10,0.337079256772995,0.09869833290576935,0.5642224550247192,0.23838092386722565
StandardChartered,2023,7,87,0.4346439838409424,0.04908151552081108,0.5162744522094727,0.3855624683201313
StandardChartered,2023,8,46,0.3925677537918091,0.047701310366392136,0.5597309470176697,0.34486644342541695
StandardChartered,2023,9,31,0.3626967966556549,0.15049287676811218,0.48681026697158813,0.21220391988754272
StandardChartered,2024,0,62,0.3200562596321106,0.10745599120855331,0.5724876523017883,0.21260026842355728
StandardChartered,2024,1,464,0.4224037826061249,0.07733996957540512,0.5002561807632446,0.34506381303071976
StandardChartered,2024,2,95,0.4328421354293823,0.05907615274190903,0.5080817937850952,0.3737659826874733
StandardChartered,2024,3,77,0.26606714725494385,0.09686651825904846,0.6370662450790405,0.16920062899589539
StandardChartered,2024,4,66,0.33119985461235046,0.04316191002726555,0.6256383657455444,0.2880379445850849
StandardChartered,2024,5,76,0.22980155050754547,0.06613758206367493,0.7040607929229736,0.16366396844387054
StandardChartered,2024,6,10,0.16873450577259064,0.06463289260864258,0.7666325569152832,0.10410161316394806
StandardChartered,2024,7,99,0.34411293268203735,0.05898875370621681,0.5968983769416809,0.28512417897582054
StandardChartered,2024,8,44,0.31111764907836914,0.06190288066864014,0.626979649066925,0.249214768409729
StandardChartered,2024,9,36,0.2871195673942566,0.13504846394062042,0.5778319835662842,0.15207110345363617
